{
    "loss": 1.1267622709274292,
    "accuracy": 0.8926380276679993
}