{
    "loss": 4.453486442565918,
    "accuracy": 0.7307282090187073
}